GEOID,NAME,total_population_universe,total_population_universe_M,federal_poverty_limit_universe_allraces,federal_poverty_limit_universe_allraces_M,federal_poverty_limit_below_allraces,federal_poverty_limit_below_allraces_M,federal_poverty_limit_below_allraces_percent,federal_poverty_limit_below_allraces_percent_M
001000101,Census Tract 1.01; District of Columbia; District of Columbia,1262,167,1262,167,22,18,1.74,1.41
001000102,Census Tract 1.02; District of Columbia; District of Columbia,2981,456,2981,456,149,138,5,4.57
001000201,Census Tract 2.01; District of Columbia; District of Columbia,3229,38,61,4,61,4,100,0
001000202,Census Tract 2.02; District of Columbia; District of Columbia,4068,572,3244,571,443,173,13.66,4.76
001000300,Census Tract 3; District of Columbia; District of Columbia,5988,746,5988,746,281,143,4.69,2.32
001000400,Census Tract 4; District of Columbia; District of Columbia,1755,315,1755,315,275,146,15.67,7.83
001000501,Census Tract 5.01; District of Columbia; District of Columbia,3610,500,3591,500,242,247,6.74,6.81
001000502,Census Tract 5.02; District of Columbia; District of Columbia,3605,556,3605,556,263,194,7.3,5.26
001000600,Census Tract 6; District of Columbia; District of Columbia,4416,511,4342,511,144,125,3.32,2.85
001000702,Census Tract 7.02; District of Columbia; District of Columbia,3258,437,3258,437,294,159,9.02,4.73
001000703,Census Tract 7.03; District of Columbia; District of Columbia,2788,378,2788,378,100,109,3.59,3.88
001000704,Census Tract 7.04; District of Columbia; District of Columbia,2627,358,2627,358,234,136,8.91,5.03
001000802,Census Tract 8.02; District of Columbia; District of Columbia,3011,439,3011,439,298,204,9.9,6.62
001000803,Census Tract 8.03; District of Columbia; District of Columbia,2777,356,2488,355,453,306,18.21,12.02
001000804,Census Tract 8.04; District of Columbia; District of Columbia,3827,642,3303,642,80,49,2.42,1.41
001000902,Census Tract 9.02; District of Columbia; District of Columbia,2161,407,2161,407,83,60,3.84,2.68
001000903,Census Tract 9.03; District of Columbia; District of Columbia,3578,174,1123,164,106,86,9.44,7.53
001000904,Census Tract 9.04; District of Columbia; District of Columbia,3123,458,3123,458,194,142,6.21,4.45
001001002,Census Tract 10.02; District of Columbia; District of Columbia,3588,643,3588,643,552,279,15.38,7.27
001001003,Census Tract 10.03; District of Columbia; District of Columbia,2994,550,2917,443,131,102,4.49,3.43
001001004,Census Tract 10.04; District of Columbia; District of Columbia,3938,451,3757,452,390,165,10.38,4.21
001001100,Census Tract 11; District of Columbia; District of Columbia,5002,706,4835,706,357,268,7.38,5.44
001001200,Census Tract 12; District of Columbia; District of Columbia,4882,556,4882,556,507,302,10.39,6.07
001001301,Census Tract 13.01; District of Columbia; District of Columbia,4042,533,3994,534,534,444,13.37,10.97
001001303,Census Tract 13.03; District of Columbia; District of Columbia,3718,502,3718,502,248,183,6.67,4.84
001001304,Census Tract 13.04; District of Columbia; District of Columbia,3823,596,3823,596,40,41,1.05,1.06
001001401,Census Tract 14.01; District of Columbia; District of Columbia,3278,494,3278,494,153,81,4.67,2.37
001001402,Census Tract 14.02; District of Columbia; District of Columbia,3521,450,3485,450,88,64,2.53,1.81
001001500,Census Tract 15; District of Columbia; District of Columbia,5607,810,5459,810,66,55,1.21,0.99
001001600,Census Tract 16; District of Columbia; District of Columbia,4889,555,4810,566,175,77,3.64,1.54
001001702,Census Tract 17.02; District of Columbia; District of Columbia,3417,492,3407,491,107,73,3.14,2.09
001001803,Census Tract 18.03; District of Columbia; District of Columbia,3758,658,3758,658,856,417,22.78,10.35
001001804,Census Tract 18.04; District of Columbia; District of Columbia,5454,1102,5454,1102,1411,792,25.87,13.55
001001901,Census Tract 19.01; District of Columbia; District of Columbia,4655,819,4655,819,558,521,11.99,10.99
001001902,Census Tract 19.02; District of Columbia; District of Columbia,2214,280,2214,280,165,75,7.45,3.25
001002001,Census Tract 20.01; District of Columbia; District of Columbia,2941,760,2938,760,734,607,24.98,19.62
001002002,Census Tract 20.02; District of Columbia; District of Columbia,4019,585,3973,587,217,145,5.46,3.56
001002101,Census Tract 21.01; District of Columbia; District of Columbia,5453,1144,5453,1144,279,220,5.12,3.89
001002102,Census Tract 21.02; District of Columbia; District of Columbia,5702,1081,5702,1081,621,288,10.89,4.61
001002201,Census Tract 22.01; District of Columbia; District of Columbia,3502,656,3325,556,29,31,0.87,0.92
001002202,Census Tract 22.02; District of Columbia; District of Columbia,3169,766,3169,766,780,628,24.61,18.9
001002301,Census Tract 23.01; District of Columbia; District of Columbia,3103,502,3103,502,388,209,12.5,6.42
001002302,Census Tract 23.02; District of Columbia; District of Columbia,1413,224,1258,222,94,56,7.47,4.25
001002400,Census Tract 24; District of Columbia; District of Columbia,3871,497,3858,496,274,139,7.1,3.49
001002501,Census Tract 25.01; District of Columbia; District of Columbia,2768,757,2766,758,159,106,5.75,3.49
001002503,Census Tract 25.03; District of Columbia; District of Columbia,3226,631,3226,631,216,140,6.7,4.14
001002504,Census Tract 25.04; District of Columbia; District of Columbia,3003,548,2986,549,554,378,18.55,12.19
001002600,Census Tract 26; District of Columbia; District of Columbia,2341,420,2341,420,163,146,6.96,6.11
001002702,Census Tract 27.02; District of Columbia; District of Columbia,6039,807,5944,752,484,260,8.14,4.25
001002703,Census Tract 27.03; District of Columbia; District of Columbia,2403,426,2289,425,91,59,3.98,2.47
001002704,Census Tract 27.04; District of Columbia; District of Columbia,2861,644,2861,644,241,156,8.42,5.11
001002801,Census Tract 28.01; District of Columbia; District of Columbia,3792,648,3792,648,910,540,24,13.64
001002802,Census Tract 28.02; District of Columbia; District of Columbia,4507,629,4504,629,1640,395,36.41,7.15
001002900,Census Tract 29; District of Columbia; District of Columbia,4361,775,4356,775,696,616,15.98,13.85
001003000,Census Tract 30; District of Columbia; District of Columbia,3425,442,3413,443,714,369,20.92,10.47
001003100,Census Tract 31; District of Columbia; District of Columbia,3906,723,3856,726,611,635,15.85,16.2
001003200,Census Tract 32; District of Columbia; District of Columbia,4223,995,4215,995,835,846,19.81,19.52
001003301,Census Tract 33.01; District of Columbia; District of Columbia,3670,520,3670,520,216,120,5.89,3.16
001003302,Census Tract 33.02; District of Columbia; District of Columbia,2268,362,2256,362,160,94,7.09,4.01
001003400,Census Tract 34; District of Columbia; District of Columbia,4728,551,2662,545,552,287,20.74,9.91
001003500,Census Tract 35; District of Columbia; District of Columbia,5138,558,3642,550,532,379,14.61,10.17
001003600,Census Tract 36; District of Columbia; District of Columbia,5042,666,5038,666,297,157,5.9,3.02
001003701,Census Tract 37.01; District of Columbia; District of Columbia,2508,224,2508,224,56,62,2.23,2.46
001003702,Census Tract 37.02; District of Columbia; District of Columbia,2795,766,2795,766,475,204,16.99,5.62
001003801,Census Tract 38.01; District of Columbia; District of Columbia,1440,216,1440,216,98,68,6.81,4.61
001003802,Census Tract 38.02; District of Columbia; District of Columbia,3645,566,3645,566,327,160,8.97,4.16
001003901,Census Tract 39.01; District of Columbia; District of Columbia,2734,549,2734,549,215,187,7.86,6.66
001003902,Census Tract 39.02; District of Columbia; District of Columbia,1566,222,1566,222,89,90,5.68,5.69
001004001,Census Tract 40.01; District of Columbia; District of Columbia,3843,599,3843,599,186,192,4.84,4.94
001004002,Census Tract 40.02; District of Columbia; District of Columbia,3074,538,2982,505,122,71,4.09,2.28
001004100,Census Tract 41; District of Columbia; District of Columbia,2475,408,2475,408,149,90,6.02,3.5
001004201,Census Tract 42.01; District of Columbia; District of Columbia,3341,499,3341,499,249,170,7.45,4.97
001004202,Census Tract 42.02; District of Columbia; District of Columbia,2557,397,2494,396,351,249,14.07,9.73
001004300,Census Tract 43; District of Columbia; District of Columbia,4551,886,4551,886,450,273,9.89,5.68
001004401,Census Tract 44.01; District of Columbia; District of Columbia,3540,942,3540,942,112,80,3.16,2.1
001004402,Census Tract 44.02; District of Columbia; District of Columbia,2417,412,2413,412,213,151,8.83,6.07
001004600,Census Tract 46; District of Columbia; District of Columbia,3024,631,3024,631,213,174,7.04,5.56
001004702,Census Tract 47.02; District of Columbia; District of Columbia,3449,730,3330,730,229,85,6.88,2.06
001004703,Census Tract 47.03; District of Columbia; District of Columbia,3147,596,3147,596,921,526,29.27,15.77
001004704,Census Tract 47.04; District of Columbia; District of Columbia,1721,366,1721,366,1090,345,63.34,14.85
001004801,Census Tract 48.01; District of Columbia; District of Columbia,2598,433,2595,433,280,142,10.79,5.17
001004802,Census Tract 48.02; District of Columbia; District of Columbia,2946,692,2946,692,230,129,7.81,3.98
001004901,Census Tract 49.01; District of Columbia; District of Columbia,3315,434,3315,434,476,255,14.36,7.46
001004902,Census Tract 49.02; District of Columbia; District of Columbia,3193,356,3193,356,441,170,13.81,5.1
001005001,Census Tract 50.01; District of Columbia; District of Columbia,2114,470,2114,470,58,88,2.74,4.12
001005003,Census Tract 50.03; District of Columbia; District of Columbia,1838,302,1838,302,301,63,16.38,2.12
001005004,Census Tract 50.04; District of Columbia; District of Columbia,3750,528,3750,528,392,257,10.45,6.69
001005202,Census Tract 52.02; District of Columbia; District of Columbia,3313,521,3300,521,192,125,5.82,3.67
001005203,Census Tract 52.03; District of Columbia; District of Columbia,3042,535,3042,535,226,145,7.43,4.58
001005302,Census Tract 53.02; District of Columbia; District of Columbia,2472,356,2472,356,44,39,1.78,1.56
001005303,Census Tract 53.03; District of Columbia; District of Columbia,2479,360,2473,360,370,174,14.96,6.69
001005501,Census Tract 55.01; District of Columbia; District of Columbia,1921,352,1919,353,142,98,7.4,4.92
001005502,Census Tract 55.02; District of Columbia; District of Columbia,2487,432,2279,432,330,115,14.48,4.23
001005503,Census Tract 55.03; District of Columbia; District of Columbia,2159,283,2159,283,527,262,24.41,11.71
001005601,Census Tract 56.01; District of Columbia; District of Columbia,2477,433,2471,433,494,179,19.99,6.34
001005602,Census Tract 56.02; District of Columbia; District of Columbia,4005,441,2953,440,330,130,11.18,4.08
001005801,Census Tract 58.01; District of Columbia; District of Columbia,1626,266,1610,266,252,89,15.65,4.89
001005802,Census Tract 58.02; District of Columbia; District of Columbia,1843,327,1843,327,156,93,8.46,4.82
001005900,Census Tract 59; District of Columbia; District of Columbia,2350,359,2178,362,339,86,15.56,2.98
001006400,Census Tract 64; District of Columbia; District of Columbia,2989,520,2915,444,798,391,27.38,12.75
001006500,Census Tract 65; District of Columbia; District of Columbia,2561,427,2514,426,222,143,8.83,5.49
001006600,Census Tract 66; District of Columbia; District of Columbia,2125,506,2112,505,140,88,6.63,3.85
001006700,Census Tract 67; District of Columbia; District of Columbia,3839,427,3828,424,32,35,0.84,0.91
001006801,Census Tract 68.01; District of Columbia; District of Columbia,2149,338,2149,338,388,185,18.05,8.13
001006802,Census Tract 68.02; District of Columbia; District of Columbia,2400,586,2400,586,234,220,9.75,8.85
001006804,Census Tract 68.04; District of Columbia; District of Columbia,2231,65,213,54,118,74,55.4,31.78
001006900,Census Tract 69; District of Columbia; District of Columbia,3236,369,3236,369,126,80,3.89,2.43
001007000,Census Tract 70; District of Columbia; District of Columbia,2392,365,2138,366,176,122,8.23,5.53
001007100,Census Tract 71; District of Columbia; District of Columbia,3153,688,3153,688,91,68,2.89,2.06
001007201,Census Tract 72.01; District of Columbia; District of Columbia,3293,380,3293,380,85,56,2.58,1.67
001007202,Census Tract 72.02; District of Columbia; District of Columbia,6091,716,6091,716,475,308,7.8,4.97
001007203,Census Tract 72.03; District of Columbia; District of Columbia,3361,465,3234,462,263,128,8.13,3.78
001007301,Census Tract 73.01; District of Columbia; District of Columbia,4562,633,4234,631,53,44,1.25,1.02
001007304,Census Tract 73.04; District of Columbia; District of Columbia,5288,898,5079,898,1910,928,37.61,17.02
001007401,Census Tract 74.01; District of Columbia; District of Columbia,1249,419,1227,424,456,244,37.16,15.18
001007403,Census Tract 74.03; District of Columbia; District of Columbia,2976,746,2976,746,1635,843,54.94,24.75
001007404,Census Tract 74.04; District of Columbia; District of Columbia,4092,784,4092,784,1319,465,32.23,9.54
001007406,Census Tract 74.06; District of Columbia; District of Columbia,2481,710,2481,710,1175,653,47.36,22.56
001007407,Census Tract 74.07; District of Columbia; District of Columbia,3473,731,3473,731,1158,617,33.34,16.32
001007408,Census Tract 74.08; District of Columbia; District of Columbia,4281,1183,4165,1183,1787,719,42.91,12.23
001007409,Census Tract 74.09; District of Columbia; District of Columbia,3571,841,3571,841,1331,727,37.27,18.37
001007502,Census Tract 75.02; District of Columbia; District of Columbia,4259,957,3819,971,1223,472,32.02,9.3
001007503,Census Tract 75.03; District of Columbia; District of Columbia,2188,604,2188,604,575,231,26.28,7.67
001007504,Census Tract 75.04; District of Columbia; District of Columbia,3031,755,3031,755,1082,567,35.7,16.46
001007601,Census Tract 76.01; District of Columbia; District of Columbia,4240,905,4202,899,1069,617,25.44,13.64
001007603,Census Tract 76.03; District of Columbia; District of Columbia,4519,980,4519,980,652,283,14.43,5.42
001007604,Census Tract 76.04; District of Columbia; District of Columbia,4029,721,4029,721,798,430,19.81,10.07
001007605,Census Tract 76.05; District of Columbia; District of Columbia,3929,667,3913,667,1173,508,29.98,11.93
001007703,Census Tract 77.03; District of Columbia; District of Columbia,7078,1121,7068,1126,1406,890,19.89,12.19
001007707,Census Tract 77.07; District of Columbia; District of Columbia,4373,954,4373,954,984,610,22.5,13.06
001007708,Census Tract 77.08; District of Columbia; District of Columbia,2661,815,2661,815,792,650,29.76,22.66
001007709,Census Tract 77.09; District of Columbia; District of Columbia,2023,654,2012,654,655,508,32.55,22.92
001007803,Census Tract 78.03; District of Columbia; District of Columbia,4695,959,4655,950,1520,650,32.65,12.27
001007804,Census Tract 78.04; District of Columbia; District of Columbia,3871,737,3547,737,1080,427,30.45,10.24
001007806,Census Tract 78.06; District of Columbia; District of Columbia,2325,438,2323,438,371,211,15.97,8.57
001007807,Census Tract 78.07; District of Columbia; District of Columbia,2477,545,2471,545,489,224,19.79,7.95
001007808,Census Tract 78.08; District of Columbia; District of Columbia,4412,1076,4397,1076,1110,564,25.24,11.24
001007809,Census Tract 78.09; District of Columbia; District of Columbia,2717,605,2716,606,842,429,31,14.2
001007901,Census Tract 79.01; District of Columbia; District of Columbia,4150,862,4150,862,816,467,19.66,10.49
001007903,Census Tract 79.03; District of Columbia; District of Columbia,2045,323,2045,323,298,201,14.57,9.56
001008001,Census Tract 80.01; District of Columbia; District of Columbia,3029,419,3029,419,135,93,4.46,3.01
001008002,Census Tract 80.02; District of Columbia; District of Columbia,3313,393,3292,393,211,129,6.41,3.84
001008100,Census Tract 81; District of Columbia; District of Columbia,3175,485,3169,485,36,33,1.14,1.03
001008200,Census Tract 82; District of Columbia; District of Columbia,2661,403,2538,403,124,76,4.89,2.89
001008301,Census Tract 83.01; District of Columbia; District of Columbia,2868,348,2728,344,222,100,8.14,3.52
001008302,Census Tract 83.02; District of Columbia; District of Columbia,2832,483,2685,483,26,23,0.97,0.84
001008402,Census Tract 84.02; District of Columbia; District of Columbia,2661,328,2652,328,221,105,8.33,3.82
001008410,Census Tract 84.10; District of Columbia; District of Columbia,2025,390,2025,390,42,34,2.07,1.63
001008701,Census Tract 87.01; District of Columbia; District of Columbia,2616,474,2607,474,288,199,11.05,7.36
001008702,Census Tract 87.02; District of Columbia; District of Columbia,3672,494,3672,494,308,171,8.39,4.52
001008802,Census Tract 88.02; District of Columbia; District of Columbia,4978,791,4940,785,1472,751,29.8,14.45
001008803,Census Tract 88.03; District of Columbia; District of Columbia,5082,513,4419,509,887,308,20.07,6.58
001008804,Census Tract 88.04; District of Columbia; District of Columbia,2611,715,2611,715,587,413,22.48,14.57
001008903,Census Tract 89.03; District of Columbia; District of Columbia,3827,1038,3677,1023,874,485,23.77,11.41
001008904,Census Tract 89.04; District of Columbia; District of Columbia,3740,804,3740,804,896,617,23.96,15.67
001009000,Census Tract 90; District of Columbia; District of Columbia,3776,587,3776,587,321,187,8.5,4.77
001009102,Census Tract 91.02; District of Columbia; District of Columbia,4322,673,4309,672,830,393,19.26,8.61
001009201,Census Tract 92.01; District of Columbia; District of Columbia,3234,458,3041,457,472,219,15.52,6.81
001009203,Census Tract 92.03; District of Columbia; District of Columbia,3320,771,3320,771,562,528,16.93,15.41
001009204,Census Tract 92.04; District of Columbia; District of Columbia,3368,637,3368,637,954,404,28.33,10.73
001009301,Census Tract 93.01; District of Columbia; District of Columbia,3742,469,3742,469,326,187,8.71,4.88
001009302,Census Tract 93.02; District of Columbia; District of Columbia,1987,314,1987,314,147,99,7.4,4.84
001009400,Census Tract 94; District of Columbia; District of Columbia,4721,721,4702,715,300,245,6.38,5.12
001009503,Census Tract 95.03; District of Columbia; District of Columbia,2911,600,2888,600,319,188,11.05,6.09
001009504,Census Tract 95.04; District of Columbia; District of Columbia,3281,414,3000,411,488,266,16.27,8.58
001009505,Census Tract 95.05; District of Columbia; District of Columbia,4493,697,4472,698,437,279,9.77,6.05
001009507,Census Tract 95.07; District of Columbia; District of Columbia,1635,325,1635,325,268,271,16.39,16.25
001009508,Census Tract 95.08; District of Columbia; District of Columbia,3930,869,3920,870,269,178,6.86,4.28
001009509,Census Tract 95.09; District of Columbia; District of Columbia,3076,358,3076,358,97,75,3.15,2.41
001009510,Census Tract 95.10; District of Columbia; District of Columbia,4908,908,4908,908,563,264,11.47,4.94
001009511,Census Tract 95.11; District of Columbia; District of Columbia,1645,57,130,8,130,8,100,0
001009601,Census Tract 96.01; District of Columbia; District of Columbia,2288,475,2284,475,723,367,31.65,14.66
001009602,Census Tract 96.02; District of Columbia; District of Columbia,5822,780,5822,780,1881,748,32.31,12.1
001009603,Census Tract 96.03; District of Columbia; District of Columbia,3598,621,3598,621,1025,419,28.49,10.56
001009604,Census Tract 96.04; District of Columbia; District of Columbia,1970,548,1970,548,238,185,12.08,8.77
001009700,Census Tract 97; District of Columbia; District of Columbia,3237,682,3237,682,607,276,18.75,7.56
001009801,Census Tract 98.01; District of Columbia; District of Columbia,1844,394,1844,394,729,384,39.53,19.03
001009802,Census Tract 98.02; District of Columbia; District of Columbia,2286,515,2286,515,1219,401,53.32,12.78
001009803,Census Tract 98.03; District of Columbia; District of Columbia,2805,831,2396,603,915,383,38.19,12.77
001009804,Census Tract 98.04; District of Columbia; District of Columbia,2989,607,2989,607,951,323,31.82,8.66
001009807,Census Tract 98.07; District of Columbia; District of Columbia,3474,769,3390,768,798,427,23.54,11.41
001009810,Census Tract 98.10; District of Columbia; District of Columbia,2109,700,2109,700,1080,917,51.21,40.02
001009811,Census Tract 98.11; District of Columbia; District of Columbia,4462,1070,4462,1070,1132,669,25.37,13.7
001009901,Census Tract 99.01; District of Columbia; District of Columbia,2080,312,2080,312,39,35,1.87,1.66
001009902,Census Tract 99.02; District of Columbia; District of Columbia,3006,833,3003,833,260,171,8.66,5.16
001009903,Census Tract 99.03; District of Columbia; District of Columbia,2128,487,2128,487,160,105,7.52,4.62
001009904,Census Tract 99.04; District of Columbia; District of Columbia,3326,806,3320,806,1241,747,37.38,20.59
001009905,Census Tract 99.05; District of Columbia; District of Columbia,3562,676,3543,677,1025,589,28.93,15.68
001009906,Census Tract 99.06; District of Columbia; District of Columbia,1588,356,1588,356,225,131,14.17,7.61
001009907,Census Tract 99.07; District of Columbia; District of Columbia,2067,576,2055,576,692,507,33.67,22.79
001010100,Census Tract 101; District of Columbia; District of Columbia,2591,444,2514,443,233,112,9.27,4.14
001010201,Census Tract 102.01; District of Columbia; District of Columbia,2603,491,2603,491,276,163,10.6,5.93
001010202,Census Tract 102.02; District of Columbia; District of Columbia,2802,489,2798,492,166,104,5.93,3.57
001010300,Census Tract 103; District of Columbia; District of Columbia,4263,556,4249,556,770,399,18.12,9.09
001010400,Census Tract 104; District of Columbia; District of Columbia,4789,955,4531,950,1516,523,33.46,9.17
001010500,Census Tract 105; District of Columbia; District of Columbia,4201,578,4201,578,940,311,22.38,6.73
001010601,Census Tract 106.01; District of Columbia; District of Columbia,2126,399,2126,399,266,103,12.51,4.24
001010602,Census Tract 106.02; District of Columbia; District of Columbia,7378,831,7298,831,1012,548,13.87,7.34
001010603,Census Tract 106.03; District of Columbia; District of Columbia,2859,530,2859,530,135,70,4.72,2.29
001010700,Census Tract 107; District of Columbia; District of Columbia,1662,354,1544,354,287,104,18.59,5.22
001010800,Census Tract 108; District of Columbia; District of Columbia,5364,303,1281,296,521,192,40.67,11.68
001010900,Census Tract 109; District of Columbia; District of Columbia,3458,745,3458,745,985,633,28.48,17.25
001011001,Census Tract 110.01; District of Columbia; District of Columbia,2345,446,2345,446,257,242,10.96,10.11
001011002,Census Tract 110.02; District of Columbia; District of Columbia,1440,198,1417,199,91,79,6.42,5.5
001011100,Census Tract 111; District of Columbia; District of Columbia,5028,733,4788,732,1222,533,25.52,10.43
001980000,Census Tract 9800; District of Columbia; District of Columbia,17,25,17,25,0,15,0,88.24
